1,"['170.txt', 'Cranfield']"
2,"['125.txt', 'Cranfield']"
3,"['355.txt', 'Cranfield']"
4,"['951.txt', 'Cranfield']"
5,"['222.txt', 'Cranfield']"
6,"['26.txt', 'Cranfield']"
7,"['1318.txt', 'Cranfield']"
8,"['554.txt', 'Cranfield']"
9,"['1304.txt', 'Cranfield']"
10,"['353.txt', 'Cranfield']"
11,"['1324.txt', 'Cranfield']"
12,"['590.txt', 'Cranfield']"
13,"['1264.txt', 'Cranfield']"
14,"['1287.txt', 'Cranfield']"
15,"['1101.txt', 'Cranfield']"
16,"['1174.txt', 'Cranfield']"
17,"['751.txt', 'Cranfield']"
18,"['446.txt', 'Cranfield']"
19,"['366.txt', 'Cranfield']"
20,"['635.txt', 'Cranfield']"
21,"['808.txt', 'Cranfield']"
22,"['1166.txt', 'Cranfield']"
23,"['73.txt', 'Cranfield']"
24,"['892.txt', 'Cranfield']"
25,"['756.txt', 'Cranfield']"
26,"['549.txt', 'Cranfield']"
27,"['1009.txt', 'Cranfield']"
28,"['4.txt', 'Cranfield']"
29,"['1321.txt', 'Cranfield']"
30,"['338.txt', 'Cranfield']"
31,"['623.txt', 'Cranfield']"
32,"['1094.txt', 'Cranfield']"
33,"['1184.txt', 'Cranfield']"
34,"['1308.txt', 'Cranfield']"
35,"['1071.txt', 'Cranfield']"
36,"['593.txt', 'Cranfield']"
37,"['684.txt', 'Cranfield']"
38,"['665.txt', 'Cranfield']"
39,"['261.txt', 'Cranfield']"
40,"['187.txt', 'Cranfield']"
41,"['1311.txt', 'Cranfield']"
42,"['796.txt', 'Cranfield']"
43,"['1256.txt', 'Cranfield']"
44,"['693.txt', 'Cranfield']"
45,"['1212.txt', 'Cranfield']"
46,"['194.txt', 'Cranfield']"
47,"['752.txt', 'Cranfield']"
48,"['710.txt', 'Cranfield']"
49,"['205.txt', 'Cranfield']"
50,"['1187.txt', 'Cranfield']"
51,"['647.txt', 'Cranfield']"
52,"['467.txt', 'Cranfield']"
53,"['114.txt', 'Cranfield']"
54,"['873.txt', 'Cranfield']"
55,"['318.txt', 'Cranfield']"
56,"['162.txt', 'Cranfield']"
57,"['904.txt', 'Cranfield']"
58,"['1051.txt', 'Cranfield']"
59,"['75.txt', 'Cranfield']"
60,"['1385.txt', 'Cranfield']"
61,"['1295.txt', 'Cranfield']"
62,"['740.txt', 'Cranfield']"
63,"['521.txt', 'Cranfield']"
64,"['303.txt', 'Cranfield']"
65,"['832.txt', 'Cranfield']"
66,"['91.txt', 'Cranfield']"
67,"['285.txt', 'Cranfield']"
68,"['650.txt', 'Cranfield']"
69,"['913.txt', 'Cranfield']"
70,"['1325.txt', 'Cranfield']"
71,"['1087.txt', 'Cranfield']"
72,"['358.txt', 'Cranfield']"
73,"['613.txt', 'Cranfield']"
74,"['1333.txt', 'Cranfield']"
75,"['395.txt', 'Cranfield']"
76,"['1121.txt', 'Cranfield']"
77,"['1242.txt', 'Cranfield']"
78,"['28.txt', 'Cranfield']"
79,"['619.txt', 'Cranfield']"
80,"['1307.txt', 'Cranfield']"
81,"['572.txt', 'Cranfield']"
82,"['1339.txt', 'Cranfield']"
83,"['1083.txt', 'Cranfield']"
84,"['268.txt', 'Cranfield']"
85,"['283.txt', 'Cranfield']"
86,"['246.txt', 'Cranfield']"
87,"['1342.txt', 'Cranfield']"
88,"['938.txt', 'Cranfield']"
89,"['561.txt', 'Cranfield']"
90,"['959.txt', 'Cranfield']"
91,"['115.txt', 'Cranfield']"
92,"['1048.txt', 'Cranfield']"
93,"['203.txt', 'Cranfield']"
94,"['1168.txt', 'Cranfield']"
95,"['1243.txt', 'Cranfield']"
96,"['100.txt', 'Cranfield']"
97,"['376.txt', 'Cranfield']"
98,"['668.txt', 'Cranfield']"
99,"['390.txt', 'Cranfield']"
100,"['1067.txt', 'Cranfield']"
101,"['519.txt', 'Cranfield']"
102,"['136.txt', 'Cranfield']"
103,"['829.txt', 'Cranfield']"
104,"['40.txt', 'Cranfield']"
105,"['157.txt', 'Cranfield']"
106,"['801.txt', 'Cranfield']"
107,"['1351.txt', 'Cranfield']"
108,"['996.txt', 'Cranfield']"
109,"['524.txt', 'Cranfield']"
110,"['882.txt', 'Cranfield']"
111,"['1176.txt', 'Cranfield']"
112,"['487.txt', 'Cranfield']"
113,"['169.txt', 'Cranfield']"
114,"['27.txt', 'Cranfield']"
115,"['363.txt', 'Cranfield']"
116,"['608.txt', 'Cranfield']"
117,"['610.txt', 'Cranfield']"
118,"['1346.txt', 'Cranfield']"
119,"['820.txt', 'Cranfield']"
120,"['741.txt', 'Cranfield']"
121,"['101.txt', 'Cranfield']"
122,"['176.txt', 'Cranfield']"
123,"['247.txt', 'Cranfield']"
124,"['271.txt', 'Cranfield']"
125,"['937.txt', 'Cranfield']"
126,"['58.txt', 'Cranfield']"
127,"['1110.txt', 'Cranfield']"
128,"['495.txt', 'Cranfield']"
129,"['1289.txt', 'Cranfield']"
130,"['1078.txt', 'Cranfield']"
131,"['1276.txt', 'Cranfield']"
132,"['582.txt', 'Cranfield']"
133,"['379.txt', 'Cranfield']"
134,"['550.txt', 'Cranfield']"
135,"['535.txt', 'Cranfield']"
136,"['173.txt', 'Cranfield']"
137,"['579.txt', 'Cranfield']"
138,"['1031.txt', 'Cranfield']"
139,"['848.txt', 'Cranfield']"
140,"['457.txt', 'Cranfield']"
141,"['952.txt', 'Cranfield']"
142,"['263.txt', 'Cranfield']"
143,"['1056.txt', 'Cranfield']"
144,"['1280.txt', 'Cranfield']"
145,"['300.txt', 'Cranfield']"
146,"['1362.txt', 'Cranfield']"
147,"['966.txt', 'Cranfield']"
148,"['1252.txt', 'Cranfield']"
149,"['1211.txt', 'Cranfield']"
150,"['890.txt', 'Cranfield']"
151,"['1033.txt', 'Cranfield']"
152,"['687.txt', 'Cranfield']"
153,"['884.txt', 'Cranfield']"
154,"['79.txt', 'Cranfield']"
155,"['1278.txt', 'Cranfield']"
156,"['1181.txt', 'Cranfield']"
157,"['986.txt', 'Cranfield']"
158,"['863.txt', 'Cranfield']"
159,"['774.txt', 'Cranfield']"
160,"['962.txt', 'Cranfield']"
161,"['356.txt', 'Cranfield']"
162,"['451.txt', 'Cranfield']"
163,"['1172.txt', 'Cranfield']"
164,"['1331.txt', 'Cranfield']"
165,"['812.txt', 'Cranfield']"
166,"['568.txt', 'Cranfield']"
167,"['128.txt', 'Cranfield']"
168,"['1135.txt', 'Cranfield']"
169,"['31.txt', 'Cranfield']"
170,"['728.txt', 'Cranfield']"
171,"['227.txt', 'Cranfield']"
172,"['1302.txt', 'Cranfield']"
173,"['186.txt', 'Cranfield']"
174,"['1384.txt', 'Cranfield']"
175,"['1381.txt', 'Cranfield']"
176,"['1269.txt', 'Cranfield']"
177,"['617.txt', 'Cranfield']"
178,"['879.txt', 'Cranfield']"
179,"['917.txt', 'Cranfield']"
180,"['933.txt', 'Cranfield']"
181,"['950.txt', 'Cranfield']"
182,"['1122.txt', 'Cranfield']"
183,"['871.txt', 'Cranfield']"
184,"['1388.txt', 'Cranfield']"
185,"['637.txt', 'Cranfield']"
186,"['598.txt', 'Cranfield']"
187,"['981.txt', 'Cranfield']"
188,"['411.txt', 'Cranfield']"
189,"['230.txt', 'Cranfield']"
190,"['1133.txt', 'Cranfield']"
191,"['834.txt', 'Cranfield']"
192,"['998.txt', 'Cranfield']"
193,"['330.txt', 'Cranfield']"
194,"['719.txt', 'Cranfield']"
195,"['24.txt', 'Cranfield']"
196,"['919.txt', 'Cranfield']"
197,"['1074.txt', 'Cranfield']"
198,"['1391.txt', 'Cranfield']"
199,"['621.txt', 'Cranfield']"
200,"['154.txt', 'Cranfield']"
201,"['735.txt', 'Cranfield']"
202,"['1136.txt', 'Cranfield']"
203,"['1294.txt', 'Cranfield']"
204,"['111.txt', 'Cranfield']"
205,"['581.txt', 'Cranfield']"
206,"['726.txt', 'Cranfield']"
207,"['1347.txt', 'Cranfield']"
208,"['298.txt', 'Cranfield']"
209,"['118.txt', 'Cranfield']"
210,"['78.txt', 'Cranfield']"
211,"['50.txt', 'Cranfield']"
212,"['830.txt', 'Cranfield']"
213,"['224.txt', 'Cranfield']"
214,"['1147.txt', 'Cranfield']"
215,"['594.txt', 'Cranfield']"
216,"['299.txt', 'Cranfield']"
217,"['960.txt', 'Cranfield']"
218,"['985.txt', 'Cranfield']"
219,"['631.txt', 'Cranfield']"
220,"['903.txt', 'Cranfield']"
221,"['560.txt', 'Cranfield']"
222,"['397.txt', 'Cranfield']"
223,"['266.txt', 'Cranfield']"
224,"['720.txt', 'Cranfield']"
225,"['1297.txt', 'Cranfield']"
226,"['273.txt', 'Cranfield']"
227,"['1305.txt', 'Cranfield']"
228,"['807.txt', 'Cranfield']"
229,"['42.txt', 'Cranfield']"
230,"['1177.txt', 'Cranfield']"
231,"['146.txt', 'Cranfield']"
232,"['543.txt', 'Cranfield']"
233,"['25.txt', 'Cranfield']"
234,"['447.txt', 'Cranfield']"
235,"['652.txt', 'Cranfield']"
236,"['810.txt', 'Cranfield']"
237,"['1199.txt', 'Cranfield']"
238,"['993.txt', 'Cranfield']"
239,"['110.txt', 'Cranfield']"
240,"['708.txt', 'Cranfield']"
241,"['1150.txt', 'Cranfield']"
242,"['974.txt', 'Cranfield']"
243,"['869.txt', 'Cranfield']"
244,"['491.txt', 'Cranfield']"
245,"['132.txt', 'Cranfield']"
246,"['1363.txt', 'Cranfield']"
247,"['546.txt', 'Cranfield']"
248,"['304.txt', 'Cranfield']"
249,"['1364.txt', 'Cranfield']"
250,"['636.txt', 'Cranfield']"
251,"['408.txt', 'Cranfield']"
252,"['193.txt', 'Cranfield']"
253,"['783.txt', 'Cranfield']"
254,"['503.txt', 'Cranfield']"
255,"['140.txt', 'Cranfield']"
256,"['1377.txt', 'Cranfield']"
257,"['559.txt', 'Cranfield']"
258,"['402.txt', 'Cranfield']"
259,"['350.txt', 'Cranfield']"
260,"['1061.txt', 'Cranfield']"
261,"['168.txt', 'Cranfield']"
262,"['12.txt', 'Cranfield']"
263,"['850.txt', 'Cranfield']"
264,"['773.txt', 'Cranfield']"
265,"['586.txt', 'Cranfield']"
266,"['833.txt', 'Cranfield']"
267,"['158.txt', 'Cranfield']"
268,"['450.txt', 'Cranfield']"
269,"['1010.txt', 'Cranfield']"
270,"['1392.txt', 'Cranfield']"
271,"['601.txt', 'Cranfield']"
272,"['380.txt', 'Cranfield']"
273,"['1034.txt', 'Cranfield']"
274,"['272.txt', 'Cranfield']"
275,"['587.txt', 'Cranfield']"
276,"['664.txt', 'Cranfield']"
277,"['588.txt', 'Cranfield']"
278,"['712.txt', 'Cranfield']"
279,"['1164.txt', 'Cranfield']"
280,"['1016.txt', 'Cranfield']"
281,"['1367.txt', 'Cranfield']"
282,"['265.txt', 'Cranfield']"
283,"['701.txt', 'Cranfield']"
284,"['1341.txt', 'Cranfield']"
285,"['1032.txt', 'Cranfield']"
286,"['953.txt', 'Cranfield']"
287,"['566.txt', 'Cranfield']"
288,"['827.txt', 'Cranfield']"
289,"['1035.txt', 'Cranfield']"
290,"['510.txt', 'Cranfield']"
291,"['945.txt', 'Cranfield']"
292,"['699.txt', 'Cranfield']"
293,"['399.txt', 'Cranfield']"
294,"['791.txt', 'Cranfield']"
295,"['1015.txt', 'Cranfield']"
296,"['929.txt', 'Cranfield']"
297,"['760.txt', 'Cranfield']"
298,"['627.txt', 'Cranfield']"
299,"['191.txt', 'Cranfield']"
300,"['971.txt', 'Cranfield']"
301,"['1037.txt', 'Cranfield']"
302,"['7.txt', 'Cranfield']"
303,"['615.txt', 'Cranfield']"
304,"['345.txt', 'Cranfield']"
305,"['368.txt', 'Cranfield']"
306,"['1163.txt', 'Cranfield']"
307,"['243.txt', 'Cranfield']"
308,"['221.txt', 'Cranfield']"
309,"['1144.txt', 'Cranfield']"
310,"['776.txt', 'Cranfield']"
311,"['322.txt', 'Cranfield']"
312,"['1354.txt', 'Cranfield']"
313,"['1185.txt', 'Cranfield']"
314,"['1358.txt', 'Cranfield']"
315,"['779.txt', 'Cranfield']"
316,"['486.txt', 'Cranfield']"
317,"['182.txt', 'Cranfield']"
318,"['1001.txt', 'Cranfield']"
319,"['15.txt', 'Cranfield']"
320,"['634.txt', 'Cranfield']"
321,"['611.txt', 'Cranfield']"
322,"['151.txt', 'Cranfield']"
323,"['762.txt', 'Cranfield']"
324,"['672.txt', 'Cranfield']"
325,"['452.txt', 'Cranfield']"
326,"['123.txt', 'Cranfield']"
327,"['377.txt', 'Cranfield']"
328,"['1373.txt', 'Cranfield']"
329,"['134.txt', 'Cranfield']"
330,"['743.txt', 'Cranfield']"
331,"['97.txt', 'Cranfield']"
332,"['1128.txt', 'Cranfield']"
333,"['584.txt', 'Cranfield']"
334,"['733.txt', 'Cranfield']"
335,"['1019.txt', 'Cranfield']"
336,"['1.txt', 'Cranfield']"
337,"['386.txt', 'Cranfield']"
338,"['116.txt', 'Cranfield']"
339,"['459.txt', 'Cranfield']"
340,"['640.txt', 'Cranfield']"
341,"['449.txt', 'Cranfield']"
342,"['633.txt', 'Cranfield']"
343,"['453.txt', 'Cranfield']"
344,"['1020.txt', 'Cranfield']"
345,"['496.txt', 'Cranfield']"
346,"['764.txt', 'Cranfield']"
347,"['705.txt', 'Cranfield']"
348,"['29.txt', 'Cranfield']"
349,"['344.txt', 'Cranfield']"
350,"['89.txt', 'Cranfield']"
351,"['531.txt', 'Cranfield']"
352,"['13.txt', 'Cranfield']"
353,"['1092.txt', 'Cranfield']"
354,"['604.txt', 'Cranfield']"
355,"['1043.txt', 'Cranfield']"
356,"['1175.txt', 'Cranfield']"
357,"['470.txt', 'Cranfield']"
358,"['427.txt', 'Cranfield']"
359,"['1301.txt', 'Cranfield']"
360,"['208.txt', 'Cranfield']"
361,"['711.txt', 'Cranfield']"
362,"['1328.txt', 'Cranfield']"
363,"['1227.txt', 'Cranfield']"
364,"['1099.txt', 'Cranfield']"
365,"['983.txt', 'Cranfield']"
366,"['1225.txt', 'Cranfield']"
367,"['68.txt', 'Cranfield']"
368,"['177.txt', 'Cranfield']"
369,"['188.txt', 'Cranfield']"
370,"['174.txt', 'Cranfield']"
371,"['240.txt', 'Cranfield']"
372,"['416.txt', 'Cranfield']"
373,"['56.txt', 'Cranfield']"
374,"['718.txt', 'Cranfield']"
375,"['547.txt', 'Cranfield']"
376,"['1106.txt', 'Cranfield']"
377,"['112.txt', 'Cranfield']"
378,"['74.txt', 'Cranfield']"
379,"['723.txt', 'Cranfield']"
380,"['14.txt', 'Cranfield']"
381,"['870.txt', 'Cranfield']"
382,"['1114.txt', 'Cranfield']"
383,"['196.txt', 'Cranfield']"
384,"['424.txt', 'Cranfield']"
385,"['639.txt', 'Cranfield']"
386,"['575.txt', 'Cranfield']"
387,"['77.txt', 'Cranfield']"
388,"['583.txt', 'Cranfield']"
389,"['806.txt', 'Cranfield']"
390,"['508.txt', 'Cranfield']"
391,"['785.txt', 'Cranfield']"
392,"['204.txt', 'Cranfield']"
393,"['530.txt', 'Cranfield']"
394,"['765.txt', 'Cranfield']"
395,"['455.txt', 'Cranfield']"
396,"['787.txt', 'Cranfield']"
397,"['98.txt', 'Cranfield']"
398,"['522.txt', 'Cranfield']"
399,"['725.txt', 'Cranfield']"
400,"['281.txt', 'Cranfield']"
401,"['673.txt', 'Cranfield']"
402,"['897.txt', 'Cranfield']"
403,"['1132.txt', 'Cranfield']"
404,"['690.txt', 'Cranfield']"
405,"['607.txt', 'Cranfield']"
406,"['697.txt', 'Cranfield']"
407,"['102.txt', 'Cranfield']"
408,"['789.txt', 'Cranfield']"
409,"['1145.txt', 'Cranfield']"
410,"['209.txt', 'Cranfield']"
411,"['1338.txt', 'Cranfield']"
412,"['1146.txt', 'Cranfield']"
413,"['178.txt', 'Cranfield']"
414,"['1169.txt', 'Cranfield']"
415,"['316.txt', 'Cranfield']"
416,"['306.txt', 'Cranfield']"
417,"['1162.txt', 'Cranfield']"
418,"['349.txt', 'Cranfield']"
419,"['1387.txt', 'Cranfield']"
420,"['1261.txt', 'Cranfield']"
421,"['184.txt', 'Cranfield']"
422,"['1337.txt', 'Cranfield']"
423,"['94.txt', 'Cranfield']"
424,"['738.txt', 'Cranfield']"
425,"['1091.txt', 'Cranfield']"
426,"['117.txt', 'Cranfield']"
427,"['145.txt', 'Cranfield']"
428,"['677.txt', 'Cranfield']"
429,"['1323.txt', 'Cranfield']"
430,"['107.txt', 'Cranfield']"
431,"['567.txt', 'Cranfield']"
432,"['197.txt', 'Cranfield']"
433,"['1356.txt', 'Cranfield']"
434,"['430.txt', 'Cranfield']"
435,"['279.txt', 'Cranfield']"
436,"['48.txt', 'Cranfield']"
437,"['1237.txt', 'Cranfield']"
438,"['1229.txt', 'Cranfield']"
439,"['1396.txt', 'Cranfield']"
440,"['250.txt', 'Cranfield']"
441,"['1188.txt', 'Cranfield']"
442,"['1279.txt', 'Cranfield']"
443,"['606.txt', 'Cranfield']"
444,"['961.txt', 'Cranfield']"
445,"['1155.txt', 'Cranfield']"
446,"['577.txt', 'Cranfield']"
447,"['552.txt', 'Cranfield']"
448,"['965.txt', 'Cranfield']"
449,"['1241.txt', 'Cranfield']"
450,"['119.txt', 'Cranfield']"
451,"['463.txt', 'Cranfield']"
452,"['1097.txt', 'Cranfield']"
453,"['1138.txt', 'Cranfield']"
454,"['659.txt', 'Cranfield']"
455,"['624.txt', 'Cranfield']"
456,"['364.txt', 'Cranfield']"
457,"['770.txt', 'Cranfield']"
458,"['41.txt', 'Cranfield']"
459,"['999.txt', 'Cranfield']"
460,"['275.txt', 'Cranfield']"
461,"['944.txt', 'Cranfield']"
462,"['389.txt', 'Cranfield']"
463,"['293.txt', 'Cranfield']"
464,"['527.txt', 'Cranfield']"
465,"['1274.txt', 'Cranfield']"
466,"['391.txt', 'Cranfield']"
467,"['525.txt', 'Cranfield']"
468,"['104.txt', 'Cranfield']"
469,"['360.txt', 'Cranfield']"
470,"['632.txt', 'Cranfield']"
471,"['1193.txt', 'Cranfield']"
472,"['689.txt', 'Cranfield']"
473,"['507.txt', 'Cranfield']"
474,"['898.txt', 'Cranfield']"
475,"['1383.txt', 'Cranfield']"
476,"['46.txt', 'Cranfield']"
477,"['509.txt', 'Cranfield']"
478,"['571.txt', 'Cranfield']"
479,"['1065.txt', 'Cranfield']"
480,"['876.txt', 'Cranfield']"
481,"['734.txt', 'Cranfield']"
482,"['746.txt', 'Cranfield']"
483,"['591.txt', 'Cranfield']"
484,"['922.txt', 'Cranfield']"
485,"['375.txt', 'Cranfield']"
486,"['404.txt', 'Cranfield']"
487,"['1327.txt', 'Cranfield']"
488,"['685.txt', 'Cranfield']"
489,"['957.txt', 'Cranfield']"
490,"['844.txt', 'Cranfield']"
491,"['1262.txt', 'Cranfield']"
492,"['225.txt', 'Cranfield']"
493,"['20.txt', 'Cranfield']"
494,"['340.txt', 'Cranfield']"
495,"['970.txt', 'Cranfield']"
496,"['369.txt', 'Cranfield']"
497,"['1285.txt', 'Cranfield']"
498,"['857.txt', 'Cranfield']"
499,"['296.txt', 'Cranfield']"
500,"['749.txt', 'Cranfield']"
501,"['18.txt', 'Cranfield']"
502,"['445.txt', 'Cranfield']"
503,"['1355.txt', 'Cranfield']"
504,"['223.txt', 'Cranfield']"
505,"['47.txt', 'Cranfield']"
506,"['988.txt', 'Cranfield']"
507,"['795.txt', 'Cranfield']"
508,"['1277.txt', 'Cranfield']"
509,"['280.txt', 'Cranfield']"
510,"['218.txt', 'Cranfield']"
511,"['1006.txt', 'Cranfield']"
512,"['675.txt', 'Cranfield']"
513,"['865.txt', 'Cranfield']"
514,"['478.txt', 'Cranfield']"
515,"['651.txt', 'Cranfield']"
516,"['383.txt', 'Cranfield']"
517,"['1253.txt', 'Cranfield']"
518,"['234.txt', 'Cranfield']"
519,"['1389.txt', 'Cranfield']"
520,"['1041.txt', 'Cranfield']"
521,"['410.txt', 'Cranfield']"
522,"['532.txt', 'Cranfield']"
523,"['370.txt', 'Cranfield']"
524,"['724.txt', 'Cranfield']"
525,"['1231.txt', 'Cranfield']"
526,"['576.txt', 'Cranfield']"
527,"['3.txt', 'Cranfield']"
528,"['978.txt', 'Cranfield']"
529,"['1108.txt', 'Cranfield']"
530,"['54.txt', 'Cranfield']"
531,"['1195.txt', 'Cranfield']"
532,"['809.txt', 'Cranfield']"
533,"['915.txt', 'Cranfield']"
534,"['319.txt', 'Cranfield']"
535,"['1160.txt', 'Cranfield']"
536,"['44.txt', 'Cranfield']"
537,"['373.txt', 'Cranfield']"
538,"['852.txt', 'Cranfield']"
539,"['1072.txt', 'Cranfield']"
540,"['442.txt', 'Cranfield']"
541,"['698.txt', 'Cranfield']"
542,"['506.txt', 'Cranfield']"
543,"['1236.txt', 'Cranfield']"
544,"['1201.txt', 'Cranfield']"
545,"['76.txt', 'Cranfield']"
546,"['907.txt', 'Cranfield']"
547,"['378.txt', 'Cranfield']"
548,"['716.txt', 'Cranfield']"
549,"['16.txt', 'Cranfield']"
550,"['545.txt', 'Cranfield']"
551,"['769.txt', 'Cranfield']"
552,"['1105.txt', 'Cranfield']"
553,"['88.txt', 'Cranfield']"
554,"['483.txt', 'Cranfield']"
555,"['1343.txt', 'Cranfield']"
556,"['942.txt', 'Cranfield']"
557,"['920.txt', 'Cranfield']"
558,"['1376.txt', 'Cranfield']"
559,"['1215.txt', 'Cranfield']"
560,"['802.txt', 'Cranfield']"
561,"['292.txt', 'Cranfield']"
562,"['849.txt', 'Cranfield']"
563,"['1208.txt', 'Cranfield']"
564,"['1081.txt', 'Cranfield']"
565,"['1369.txt', 'Cranfield']"
566,"['597.txt', 'Cranfield']"
567,"['644.txt', 'Cranfield']"
568,"['1036.txt', 'Cranfield']"
569,"['967.txt', 'Cranfield']"
570,"['1245.txt', 'Cranfield']"
571,"['144.txt', 'Cranfield']"
572,"['1350.txt', 'Cranfield']"
573,"['1111.txt', 'Cranfield']"
574,"['763.txt', 'Cranfield']"
575,"['236.txt', 'Cranfield']"
576,"['1064.txt', 'Cranfield']"
577,"['245.txt', 'Cranfield']"
578,"['103.txt', 'Cranfield']"
579,"['674.txt', 'Cranfield']"
580,"['382.txt', 'Cranfield']"
581,"['57.txt', 'Cranfield']"
582,"['1066.txt', 'Cranfield']"
583,"['233.txt', 'Cranfield']"
584,"['339.txt', 'Cranfield']"
585,"['394.txt', 'Cranfield']"
586,"['444.txt', 'Cranfield']"
587,"['839.txt', 'Cranfield']"
588,"['817.txt', 'Cranfield']"
589,"['239.txt', 'Cranfield']"
590,"['1022.txt', 'Cranfield']"
591,"['533.txt', 'Cranfield']"
592,"['5.txt', 'Cranfield']"
593,"['415.txt', 'Cranfield']"
594,"['905.txt', 'Cranfield']"
595,"['60.txt', 'Cranfield']"
596,"['511.txt', 'Cranfield']"
597,"['1170.txt', 'Cranfield']"
598,"['215.txt', 'Cranfield']"
599,"['1171.txt', 'Cranfield']"
600,"['419.txt', 'Cranfield']"
601,"['95.txt', 'Cranfield']"
602,"['1079.txt', 'Cranfield']"
603,"['207.txt', 'Cranfield']"
604,"['1030.txt', 'Cranfield']"
605,"['523.txt', 'Cranfield']"
606,"['847.txt', 'Cranfield']"
607,"['851.txt', 'Cranfield']"
608,"['934.txt', 'Cranfield']"
609,"['426.txt', 'Cranfield']"
610,"['570.txt', 'Cranfield']"
611,"['563.txt', 'Cranfield']"
612,"['1238.txt', 'Cranfield']"
613,"['1233.txt', 'Cranfield']"
614,"['646.txt', 'Cranfield']"
615,"['291.txt', 'Cranfield']"
616,"['141.txt', 'Cranfield']"
617,"['327.txt', 'Cranfield']"
618,"['667.txt', 'Cranfield']"
619,"['727.txt', 'Cranfield']"
620,"['270.txt', 'Cranfield']"
621,"['461.txt', 'Cranfield']"
622,"['1096.txt', 'Cranfield']"
623,"['1076.txt', 'Cranfield']"
624,"['947.txt', 'Cranfield']"
625,"['948.txt', 'Cranfield']"
626,"['1221.txt', 'Cranfield']"
627,"['956.txt', 'Cranfield']"
628,"['482.txt', 'Cranfield']"
629,"['497.txt', 'Cranfield']"
630,"['1143.txt', 'Cranfield']"
631,"['714.txt', 'Cranfield']"
632,"['1063.txt', 'Cranfield']"
633,"['147.txt', 'Cranfield']"
634,"['301.txt', 'Cranfield']"
635,"['165.txt', 'Cranfield']"
636,"['99.txt', 'Cranfield']"
637,"['417.txt', 'Cranfield']"
638,"['70.txt', 'Cranfield']"
639,"['121.txt', 'Cranfield']"
640,"['498.txt', 'Cranfield']"
641,"['1228.txt', 'Cranfield']"
642,"['260.txt', 'Cranfield']"
643,"['569.txt', 'Cranfield']"
644,"['1244.txt', 'Cranfield']"
645,"['1263.txt', 'Cranfield']"
646,"['784.txt', 'Cranfield']"
647,"['310.txt', 'Cranfield']"
648,"['241.txt', 'Cranfield']"
649,"['513.txt', 'Cranfield']"
650,"['717.txt', 'Cranfield']"
651,"['251.txt', 'Cranfield']"
652,"['23.txt', 'Cranfield']"
653,"['472.txt', 'Cranfield']"
654,"['1219.txt', 'Cranfield']"
655,"['323.txt', 'Cranfield']"
656,"['474.txt', 'Cranfield']"
657,"['256.txt', 'Cranfield']"
658,"['512.txt', 'Cranfield']"
659,"['286.txt', 'Cranfield']"
660,"['235.txt', 'Cranfield']"
661,"['924.txt', 'Cranfield']"
662,"['941.txt', 'Cranfield']"
663,"['501.txt', 'Cranfield']"
664,"['228.txt', 'Cranfield']"
665,"['578.txt', 'Cranfield']"
666,"['1118.txt', 'Cranfield']"
667,"['254.txt', 'Cranfield']"
668,"['143.txt', 'Cranfield']"
669,"['901.txt', 'Cranfield']"
670,"['43.txt', 'Cranfield']"
671,"['1298.txt', 'Cranfield']"
672,"['317.txt', 'Cranfield']"
673,"['469.txt', 'Cranfield']"
674,"['1292.txt', 'Cranfield']"
675,"['282.txt', 'Cranfield']"
676,"['1222.txt', 'Cranfield']"
677,"['354.txt', 'Cranfield']"
678,"['6.txt', 'Cranfield']"
679,"['352.txt', 'Cranfield']"
680,"['759.txt', 'Cranfield']"
681,"['954.txt', 'Cranfield']"
682,"['30.txt', 'Cranfield']"
683,"['815.txt', 'Cranfield']"
684,"['573.txt', 'Cranfield']"
685,"['877.txt', 'Cranfield']"
686,"['343.txt', 'Cranfield']"
687,"['1349.txt', 'Cranfield']"
688,"['772.txt', 'Cranfield']"
689,"['729.txt', 'Cranfield']"
690,"['885.txt', 'Cranfield']"
691,"['113.txt', 'Cranfield']"
692,"['1139.txt', 'Cranfield']"
693,"['311.txt', 'Cranfield']"
694,"['976.txt', 'Cranfield']"
695,"['555.txt', 'Cranfield']"
696,"['1259.txt', 'Cranfield']"
697,"['1223.txt', 'Cranfield']"
698,"['732.txt', 'Cranfield']"
699,"['908.txt', 'Cranfield']"
700,"['676.txt', 'Cranfield']"
701,"['17.txt', 'Cranfield']"
702,"['210.txt', 'Cranfield']"
703,"['1382.txt', 'Cranfield']"
704,"['127.txt', 'Cranfield']"
705,"['92.txt', 'Cranfield']"
706,"['1370.txt', 'Cranfield']"
707,"['1080.txt', 'Cranfield']"
708,"['622.txt', 'Cranfield']"
709,"['499.txt', 'Cranfield']"
710,"['308.txt', 'Cranfield']"
711,"['1352.txt', 'Cranfield']"
712,"['211.txt', 'Cranfield']"
713,"['106.txt', 'Cranfield']"
714,"['788.txt', 'Cranfield']"
715,"['1329.txt', 'Cranfield']"
716,"['1206.txt', 'Cranfield']"
717,"['214.txt', 'Cranfield']"
718,"['1371.txt', 'Cranfield']"
719,"['314.txt', 'Cranfield']"
720,"['135.txt', 'Cranfield']"
721,"['1049.txt', 'Cranfield']"
722,"['826.txt', 'Cranfield']"
723,"['790.txt', 'Cranfield']"
724,"['1260.txt', 'Cranfield']"
725,"['696.txt', 'Cranfield']"
726,"['565.txt', 'Cranfield']"
727,"['434.txt', 'Cranfield']"
728,"['307.txt', 'Cranfield']"
729,"['139.txt', 'Cranfield']"
730,"['1186.txt', 'Cranfield']"
731,"['702.txt', 'Cranfield']"
732,"['413.txt', 'Cranfield']"
733,"['906.txt', 'Cranfield']"
734,"['82.txt', 'Cranfield']"
735,"['159.txt', 'Cranfield']"
736,"['596.txt', 'Cranfield']"
737,"['1272.txt', 'Cranfield']"
738,"['982.txt', 'Cranfield']"
739,"['1281.txt', 'Cranfield']"
740,"['248.txt', 'Cranfield']"
741,"['122.txt', 'Cranfield']"
742,"['969.txt', 'Cranfield']"
743,"['819.txt', 'Cranfield']"
744,"['45.txt', 'Cranfield']"
745,"['1282.txt', 'Cranfield']"
746,"['641.txt', 'Cranfield']"
747,"['1085.txt', 'Cranfield']"
748,"['264.txt', 'Cranfield']"
749,"['1248.txt', 'Cranfield']"
750,"['538.txt', 'Cranfield']"
751,"['1026.txt', 'Cranfield']"
752,"['1117.txt', 'Cranfield']"
753,"['152.txt', 'Cranfield']"
754,"['529.txt', 'Cranfield']"
755,"['49.txt', 'Cranfield']"
756,"['1288.txt', 'Cranfield']"
757,"['401.txt', 'Cranfield']"
758,"['889.txt', 'Cranfield']"
759,"['1361.txt', 'Cranfield']"
760,"['274.txt', 'Cranfield']"
761,"['1246.txt', 'Cranfield']"
762,"['515.txt', 'Cranfield']"
763,"['768.txt', 'Cranfield']"
764,"['66.txt', 'Cranfield']"
765,"['1210.txt', 'Cranfield']"
766,"['592.txt', 'Cranfield']"
767,"['200.txt', 'Cranfield']"
768,"['562.txt', 'Cranfield']"
769,"['979.txt', 'Cranfield']"
770,"['1129.txt', 'Cranfield']"
771,"['22.txt', 'Cranfield']"
772,"['120.txt', 'Cranfield']"
773,"['1003.txt', 'Cranfield']"
774,"['1148.txt', 'Cranfield']"
775,"['1313.txt', 'Cranfield']"
776,"['939.txt', 'Cranfield']"
777,"['655.txt', 'Cranfield']"
778,"['1360.txt', 'Cranfield']"
779,"['55.txt', 'Cranfield']"
780,"['1357.txt', 'Cranfield']"
781,"['1046.txt', 'Cranfield']"
782,"['440.txt', 'Cranfield']"
783,"['1293.txt', 'Cranfield']"
784,"['753.txt', 'Cranfield']"
785,"['166.txt', 'Cranfield']"
786,"['65.txt', 'Cranfield']"
787,"['258.txt', 'Cranfield']"
788,"['423.txt', 'Cranfield']"
789,"['767.txt', 'Cranfield']"
790,"['396.txt', 'Cranfield']"
791,"['72.txt', 'Cranfield']"
792,"['964.txt', 'Cranfield']"
793,"['963.txt', 'Cranfield']"
794,"['661.txt', 'Cranfield']"
795,"['199.txt', 'Cranfield']"
796,"['1270.txt', 'Cranfield']"
797,"['755.txt', 'Cranfield']"
798,"['1178.txt', 'Cranfield']"
799,"['1380.txt', 'Cranfield']"
800,"['1239.txt', 'Cranfield']"
801,"['821.txt', 'Cranfield']"
802,"['997.txt', 'Cranfield']"
803,"['1265.txt', 'Cranfield']"
804,"['875.txt', 'Cranfield']"
805,"['331.txt', 'Cranfield']"
806,"['1123.txt', 'Cranfield']"
807,"['1068.txt', 'Cranfield']"
808,"['891.txt', 'Cranfield']"
809,"['995.txt', 'Cranfield']"
810,"['526.txt', 'Cranfield']"
811,"['172.txt', 'Cranfield']"
812,"['778.txt', 'Cranfield']"
813,"['1374.txt', 'Cranfield']"
814,"['458.txt', 'Cranfield']"
815,"['1204.txt', 'Cranfield']"
816,"['1394.txt', 'Cranfield']"
817,"['814.txt', 'Cranfield']"
818,"['537.txt', 'Cranfield']"
819,"['1197.txt', 'Cranfield']"
820,"['438.txt', 'Cranfield']"
821,"['1194.txt', 'Cranfield']"
822,"['348.txt', 'Cranfield']"
823,"['618.txt', 'Cranfield']"
824,"['1283.txt', 'Cranfield']"
825,"['189.txt', 'Cranfield']"
826,"['443.txt', 'Cranfield']"
827,"['542.txt', 'Cranfield']"
828,"['229.txt', 'Cranfield']"
829,"['1126.txt', 'Cranfield']"
830,"['342.txt', 'Cranfield']"
831,"['894.txt', 'Cranfield']"
832,"['202.txt', 'Cranfield']"
833,"['766.txt', 'Cranfield']"
834,"['1021.txt', 'Cranfield']"
835,"['744.txt', 'Cranfield']"
836,"['212.txt', 'Cranfield']"
837,"['1045.txt', 'Cranfield']"
838,"['1027.txt', 'Cranfield']"
839,"['804.txt', 'Cranfield']"
840,"['657.txt', 'Cranfield']"
841,"['1156.txt', 'Cranfield']"
842,"['137.txt', 'Cranfield']"
843,"['1205.txt', 'Cranfield']"
844,"['290.txt', 'Cranfield']"
845,"['252.txt', 'Cranfield']"
846,"['1247.txt', 'Cranfield']"
847,"['932.txt', 'Cranfield']"
848,"['709.txt', 'Cranfield']"
849,"['648.txt', 'Cranfield']"
850,"['1167.txt', 'Cranfield']"
851,"['448.txt', 'Cranfield']"
852,"['706.txt', 'Cranfield']"
853,"['81.txt', 'Cranfield']"
854,"['564.txt', 'Cranfield']"
855,"['975.txt', 'Cranfield']"
856,"['991.txt', 'Cranfield']"
857,"['1125.txt', 'Cranfield']"
858,"['1340.txt', 'Cranfield']"
859,"['1142.txt', 'Cranfield']"
860,"['475.txt', 'Cranfield']"
861,"['642.txt', 'Cranfield']"
862,"['1296.txt', 'Cranfield']"
863,"['867.txt', 'Cranfield']"
864,"['276.txt', 'Cranfield']"
865,"['1179.txt', 'Cranfield']"
866,"['899.txt', 'Cranfield']"
867,"['958.txt', 'Cranfield']"
868,"['1159.txt', 'Cranfield']"
869,"['886.txt', 'Cranfield']"
870,"['494.txt', 'Cranfield']"
871,"['666.txt', 'Cranfield']"
872,"['1112.txt', 'Cranfield']"
873,"['149.txt', 'Cranfield']"
874,"['249.txt', 'Cranfield']"
875,"['456.txt', 'Cranfield']"
876,"['1372.txt', 'Cranfield']"
877,"['1115.txt', 'Cranfield']"
878,"['1090.txt', 'Cranfield']"
879,"['1153.txt', 'Cranfield']"
880,"['479.txt', 'Cranfield']"
881,"['780.txt', 'Cranfield']"
882,"['1326.txt', 'Cranfield']"
883,"['681.txt', 'Cranfield']"
884,"['860.txt', 'Cranfield']"
885,"['638.txt', 'Cranfield']"
886,"['703.txt', 'Cranfield']"
887,"['37.txt', 'Cranfield']"
888,"['798.txt', 'Cranfield']"
889,"['1220.txt', 'Cranfield']"
890,"['605.txt', 'Cranfield']"
891,"['220.txt', 'Cranfield']"
892,"['468.txt', 'Cranfield']"
893,"['302.txt', 'Cranfield']"
894,"['881.txt', 'Cranfield']"
895,"['1060.txt', 'Cranfield']"
896,"['831.txt', 'Cranfield']"
897,"['1378.txt', 'Cranfield']"
898,"['8.txt', 'Cranfield']"
899,"['1254.txt', 'Cranfield']"
900,"['1310.txt', 'Cranfield']"
901,"['1008.txt', 'Cranfield']"
902,"['771.txt', 'Cranfield']"
903,"['387.txt', 'Cranfield']"
904,"['874.txt', 'Cranfield']"
905,"['984.txt', 'Cranfield']"
906,"['437.txt', 'Cranfield']"
907,"['1314.txt', 'Cranfield']"
908,"['155.txt', 'Cranfield']"
909,"['794.txt', 'Cranfield']"
910,"['987.txt', 'Cranfield']"
911,"['923.txt', 'Cranfield']"
912,"['87.txt', 'Cranfield']"
913,"['682.txt', 'Cranfield']"
914,"['35.txt', 'Cranfield']"
915,"['1165.txt', 'Cranfield']"
916,"['126.txt', 'Cranfield']"
917,"['34.txt', 'Cranfield']"
918,"['1039.txt', 'Cranfield']"
919,"['1082.txt', 'Cranfield']"
920,"['1042.txt', 'Cranfield']"
921,"['38.txt', 'Cranfield']"
922,"['1100.txt', 'Cranfield']"
923,"['1397.txt', 'Cranfield']"
924,"['226.txt', 'Cranfield']"
925,"['321.txt', 'Cranfield']"
926,"['1002.txt', 'Cranfield']"
927,"['195.txt', 'Cranfield']"
928,"['326.txt', 'Cranfield']"
929,"['748.txt', 'Cranfield']"
930,"['880.txt', 'Cranfield']"
931,"['466.txt', 'Cranfield']"
932,"['946.txt', 'Cranfield']"
933,"['421.txt', 'Cranfield']"
934,"['1334.txt', 'Cranfield']"
935,"['219.txt', 'Cranfield']"
936,"['722.txt', 'Cranfield']"
937,"['835.txt', 'Cranfield']"
938,"['431.txt', 'Cranfield']"
939,"['80.txt', 'Cranfield']"
940,"['400.txt', 'Cranfield']"
941,"['902.txt', 'Cranfield']"
942,"['371.txt', 'Cranfield']"
943,"['931.txt', 'Cranfield']"
944,"['1335.txt', 'Cranfield']"
945,"['1196.txt', 'Cranfield']"
946,"['1119.txt', 'Cranfield']"
947,"['1180.txt', 'Cranfield']"
948,"['855.txt', 'Cranfield']"
949,"['742.txt', 'Cranfield']"
950,"['910.txt', 'Cranfield']"
951,"['628.txt', 'Cranfield']"
952,"['53.txt', 'Cranfield']"
953,"['858.txt', 'Cranfield']"
954,"['351.txt', 'Cranfield']"
955,"['1330.txt', 'Cranfield']"
956,"['485.txt', 'Cranfield']"
957,"['428.txt', 'Cranfield']"
958,"['1207.txt', 'Cranfield']"
959,"['805.txt', 'Cranfield']"
960,"['414.txt', 'Cranfield']"
961,"['1315.txt', 'Cranfield']"
962,"['862.txt', 'Cranfield']"
963,"['309.txt', 'Cranfield']"
964,"['1266.txt', 'Cranfield']"
965,"['320.txt', 'Cranfield']"
966,"['799.txt', 'Cranfield']"
967,"['1224.txt', 'Cranfield']"
968,"['332.txt', 'Cranfield']"
969,"['108.txt', 'Cranfield']"
970,"['244.txt', 'Cranfield']"
971,"['900.txt', 'Cranfield']"
972,"['93.txt', 'Cranfield']"
973,"['625.txt', 'Cranfield']"
974,"['761.txt', 'Cranfield']"
975,"['992.txt', 'Cranfield']"
976,"['1400.txt', 'Cranfield']"
977,"['217.txt', 'Cranfield']"
978,"['1040.txt', 'Cranfield']"
979,"['460.txt', 'Cranfield']"
980,"['854.txt', 'Cranfield']"
981,"['930.txt', 'Cranfield']"
982,"['96.txt', 'Cranfield']"
983,"['1251.txt', 'Cranfield']"
984,"['1141.txt', 'Cranfield']"
985,"['1055.txt', 'Cranfield']"
986,"['1345.txt', 'Cranfield']"
987,"['645.txt', 'Cranfield']"
988,"['1200.txt', 'Cranfield']"
989,"['481.txt', 'Cranfield']"
990,"['333.txt', 'Cranfield']"
991,"['1104.txt', 'Cranfield']"
992,"['868.txt', 'Cranfield']"
993,"['662.txt', 'Cranfield']"
994,"['476.txt', 'Cranfield']"
995,"['1218.txt', 'Cranfield']"
996,"['1062.txt', 'Cranfield']"
997,"['1230.txt', 'Cranfield']"
998,"['721.txt', 'Cranfield']"
999,"['347.txt', 'Cranfield']"
1000,"['1018.txt', 'Cranfield']"
1001,"['1209.txt', 'Cranfield']"
1002,"['505.txt', 'Cranfield']"
1003,"['1395.txt', 'Cranfield']"
1004,"['429.txt', 'Cranfield']"
1005,"['1202.txt', 'Cranfield']"
1006,"['669.txt', 'Cranfield']"
1007,"['19.txt', 'Cranfield']"
1008,"['90.txt', 'Cranfield']"
1009,"['324.txt', 'Cranfield']"
1010,"['663.txt', 'Cranfield']"
1011,"['362.txt', 'Cranfield']"
1012,"['297.txt', 'Cranfield']"
1013,"['124.txt', 'Cranfield']"
1014,"['1386.txt', 'Cranfield']"
1015,"['747.txt', 'Cranfield']"
1016,"['183.txt', 'Cranfield']"
1017,"['845.txt', 'Cranfield']"
1018,"['384.txt', 'Cranfield']"
1019,"['704.txt', 'Cranfield']"
1020,"['1359.txt', 'Cranfield']"
1021,"['1255.txt', 'Cranfield']"
1022,"['1189.txt', 'Cranfield']"
1023,"['336.txt', 'Cranfield']"
1024,"['548.txt', 'Cranfield']"
1025,"['148.txt', 'Cranfield']"
1026,"['84.txt', 'Cranfield']"
1027,"['935.txt', 'Cranfield']"
1028,"['171.txt', 'Cranfield']"
1029,"['1182.txt', 'Cranfield']"
1030,"['686.txt', 'Cranfield']"
1031,"['1258.txt', 'Cranfield']"
1032,"['872.txt', 'Cranfield']"
1033,"['490.txt', 'Cranfield']"
1034,"['10.txt', 'Cranfield']"
1035,"['739.txt', 'Cranfield']"
1036,"['1399.txt', 'Cranfield']"
1037,"['1131.txt', 'Cranfield']"
1038,"['859.txt', 'Cranfield']"
1039,"['777.txt', 'Cranfield']"
1040,"['516.txt', 'Cranfield']"
1041,"['335.txt', 'Cranfield']"
1042,"['514.txt', 'Cranfield']"
1043,"['1234.txt', 'Cranfield']"
1044,"['213.txt', 'Cranfield']"
1045,"['305.txt', 'Cranfield']"
1046,"['843.txt', 'Cranfield']"
1047,"['175.txt', 'Cranfield']"
1048,"['737.txt', 'Cranfield']"
1049,"['1320.txt', 'Cranfield']"
1050,"['406.txt', 'Cranfield']"
1051,"['1102.txt', 'Cranfield']"
1052,"['284.txt', 'Cranfield']"
1053,"['1005.txt', 'Cranfield']"
1054,"['1113.txt', 'Cranfield']"
1055,"['1348.txt', 'Cranfield']"
1056,"['775.txt', 'Cranfield']"
1057,"['1137.txt', 'Cranfield']"
1058,"['1084.txt', 'Cranfield']"
1059,"['1025.txt', 'Cranfield']"
1060,"['1124.txt', 'Cranfield']"
1061,"['612.txt', 'Cranfield']"
1062,"['1103.txt', 'Cranfield']"
1063,"['1317.txt', 'Cranfield']"
1064,"['138.txt', 'Cranfield']"
1065,"['614.txt', 'Cranfield']"
1066,"['683.txt', 'Cranfield']"
1067,"['1316.txt', 'Cranfield']"
1068,"['109.txt', 'Cranfield']"
1069,"['465.txt', 'Cranfield']"
1070,"['1088.txt', 'Cranfield']"
1071,"['1089.txt', 'Cranfield']"
1072,"['1273.txt', 'Cranfield']"
1073,"['816.txt', 'Cranfield']"
1074,"['713.txt', 'Cranfield']"
1075,"['856.txt', 'Cranfield']"
1076,"['1275.txt', 'Cranfield']"
1077,"['600.txt', 'Cranfield']"
1078,"['190.txt', 'Cranfield']"
1079,"['914.txt', 'Cranfield']"
1080,"['517.txt', 'Cranfield']"
1081,"['1028.txt', 'Cranfield']"
1082,"['367.txt', 'Cranfield']"
1083,"['454.txt', 'Cranfield']"
1084,"['259.txt', 'Cranfield']"
1085,"['782.txt', 'Cranfield']"
1086,"['824.txt', 'Cranfield']"
1087,"['692.txt', 'Cranfield']"
1088,"['602.txt', 'Cranfield']"
1089,"['287.txt', 'Cranfield']"
1090,"['1052.txt', 'Cranfield']"
1091,"['164.txt', 'Cranfield']"
1092,"['731.txt', 'Cranfield']"
1093,"['262.txt', 'Cranfield']"
1094,"['825.txt', 'Cranfield']"
1095,"['1057.txt', 'Cranfield']"
1096,"['660.txt', 'Cranfield']"
1097,"['253.txt', 'Cranfield']"
1098,"['1098.txt', 'Cranfield']"
1099,"['629.txt', 'Cranfield']"
1100,"['1004.txt', 'Cranfield']"
1101,"['943.txt', 'Cranfield']"
1102,"['393.txt', 'Cranfield']"
1103,"['895.txt', 'Cranfield']"
1104,"['928.txt', 'Cranfield']"
1105,"['216.txt', 'Cranfield']"
1106,"['883.txt', 'Cranfield']"
1107,"['1322.txt', 'Cranfield']"
1108,"['1300.txt', 'Cranfield']"
1109,"['800.txt', 'Cranfield']"
1110,"['488.txt', 'Cranfield']"
1111,"['242.txt', 'Cranfield']"
1112,"['840.txt', 'Cranfield']"
1113,"['539.txt', 'Cranfield']"
1114,"['620.txt', 'Cranfield']"
1115,"['156.txt', 'Cranfield']"
1116,"['471.txt', 'Cranfield']"
1117,"['1365.txt', 'Cranfield']"
1118,"['955.txt', 'Cranfield']"
1119,"['754.txt', 'Cranfield']"
1120,"['1393.txt', 'Cranfield']"
1121,"['359.txt', 'Cranfield']"
1122,"['192.txt', 'Cranfield']"
1123,"['385.txt', 'Cranfield']"
1124,"['818.txt', 'Cranfield']"
1125,"['1235.txt', 'Cranfield']"
1126,"['392.txt', 'Cranfield']"
1127,"['232.txt', 'Cranfield']"
1128,"['325.txt', 'Cranfield']"
1129,"['1095.txt', 'Cranfield']"
1130,"['828.txt', 'Cranfield']"
1131,"['420.txt', 'Cranfield']"
1132,"['1038.txt', 'Cranfield']"
1133,"['1299.txt', 'Cranfield']"
1134,"['1232.txt', 'Cranfield']"
1135,"['609.txt', 'Cranfield']"
1136,"['381.txt', 'Cranfield']"
1137,"['1140.txt', 'Cranfield']"
1138,"['161.txt', 'Cranfield']"
1139,"['520.txt', 'Cranfield']"
1140,"['1127.txt', 'Cranfield']"
1141,"['680.txt', 'Cranfield']"
1142,"['556.txt', 'Cranfield']"
1143,"['792.txt', 'Cranfield']"
1144,"['1312.txt', 'Cranfield']"
1145,"['295.txt', 'Cranfield']"
1146,"['388.txt', 'Cranfield']"
1147,"['1344.txt', 'Cranfield']"
1148,"['616.txt', 'Cranfield']"
1149,"['695.txt', 'Cranfield']"
1150,"['1250.txt', 'Cranfield']"
1151,"['477.txt', 'Cranfield']"
1152,"['678.txt', 'Cranfield']"
1153,"['462.txt', 'Cranfield']"
1154,"['643.txt', 'Cranfield']"
1155,"['257.txt', 'Cranfield']"
1156,"['61.txt', 'Cranfield']"
1157,"['237.txt', 'Cranfield']"
1158,"['980.txt', 'Cranfield']"
1159,"['59.txt', 'Cranfield']"
1160,"['83.txt', 'Cranfield']"
1161,"['544.txt', 'Cranfield']"
1162,"['1086.txt', 'Cranfield']"
1163,"['313.txt', 'Cranfield']"
1164,"['1157.txt', 'Cranfield']"
1165,"['866.txt', 'Cranfield']"
1166,"['493.txt', 'Cranfield']"
1167,"['1379.txt', 'Cranfield']"
1168,"['1013.txt', 'Cranfield']"
1169,"['916.txt', 'Cranfield']"
1170,"['328.txt', 'Cranfield']"
1171,"['864.txt', 'Cranfield']"
1172,"['294.txt', 'Cranfield']"
1173,"['990.txt', 'Cranfield']"
1174,"['269.txt', 'Cranfield']"
1175,"['398.txt', 'Cranfield']"
1176,"['994.txt', 'Cranfield']"
1177,"['599.txt', 'Cranfield']"
1178,"['797.txt', 'Cranfield']"
1179,"['536.txt', 'Cranfield']"
1180,"['736.txt', 'Cranfield']"
1181,"['85.txt', 'Cranfield']"
1182,"['595.txt', 'Cranfield']"
1183,"['557.txt', 'Cranfield']"
1184,"['1216.txt', 'Cranfield']"
1185,"['853.txt', 'Cranfield']"
1186,"['185.txt', 'Cranfield']"
1187,"['1109.txt', 'Cranfield']"
1188,"['912.txt', 'Cranfield']"
1189,"['781.txt', 'Cranfield']"
1190,"['911.txt', 'Cranfield']"
1191,"['1271.txt', 'Cranfield']"
1192,"['694.txt', 'Cranfield']"
1193,"['407.txt', 'Cranfield']"
1194,"['1011.txt', 'Cranfield']"
1195,"['71.txt', 'Cranfield']"
1196,"['558.txt', 'Cranfield']"
1197,"['878.txt', 'Cranfield']"
1198,"['181.txt', 'Cranfield']"
1199,"['36.txt', 'Cranfield']"
1200,"['1303.txt', 'Cranfield']"
1201,"['656.txt', 'Cranfield']"
1202,"['504.txt', 'Cranfield']"
1203,"['973.txt', 'Cranfield']"
1204,"['180.txt', 'Cranfield']"
1205,"['653.txt', 'Cranfield']"
1206,"['671.txt', 'Cranfield']"
1207,"['2.txt', 'Cranfield']"
1208,"['585.txt', 'Cranfield']"
1209,"['534.txt', 'Cranfield']"
1210,"['658.txt', 'Cranfield']"
1211,"['163.txt', 'Cranfield']"
1212,"['62.txt', 'Cranfield']"
1213,"['1073.txt', 'Cranfield']"
1214,"['626.txt', 'Cranfield']"
1215,"['1268.txt', 'Cranfield']"
1216,"['277.txt', 'Cranfield']"
1217,"['823.txt', 'Cranfield']"
1218,"['441.txt', 'Cranfield']"
1219,"['949.txt', 'Cranfield']"
1220,"['1151.txt', 'Cranfield']"
1221,"['786.txt', 'Cranfield']"
1222,"['887.txt', 'Cranfield']"
1223,"['927.txt', 'Cranfield']"
1224,"['201.txt', 'Cranfield']"
1225,"['1191.txt', 'Cranfield']"
1226,"['1053.txt', 'Cranfield']"
1227,"['1332.txt', 'Cranfield']"
1228,"['1203.txt', 'Cranfield']"
1229,"['589.txt', 'Cranfield']"
1230,"['1130.txt', 'Cranfield']"
1231,"['1158.txt', 'Cranfield']"
1232,"['1007.txt', 'Cranfield']"
1233,"['518.txt', 'Cranfield']"
1234,"['813.txt', 'Cranfield']"
1235,"['33.txt', 'Cranfield']"
1236,"['730.txt', 'Cranfield']"
1237,"['1050.txt', 'Cranfield']"
1238,"['403.txt', 'Cranfield']"
1239,"['64.txt', 'Cranfield']"
1240,"['541.txt', 'Cranfield']"
1241,"['837.txt', 'Cranfield']"
1242,"['365.txt', 'Cranfield']"
1243,"['1134.txt', 'Cranfield']"
1244,"['337.txt', 'Cranfield']"
1245,"['278.txt', 'Cranfield']"
1246,"['346.txt', 'Cranfield']"
1247,"['793.txt', 'Cranfield']"
1248,"['422.txt', 'Cranfield']"
1249,"['334.txt', 'Cranfield']"
1250,"['846.txt', 'Cranfield']"
1251,"['492.txt', 'Cranfield']"
1252,"['357.txt', 'Cranfield']"
1253,"['909.txt', 'Cranfield']"
1254,"['32.txt', 'Cranfield']"
1255,"['1368.txt', 'Cranfield']"
1256,"['1183.txt', 'Cranfield']"
1257,"['1000.txt', 'Cranfield']"
1258,"['838.txt', 'Cranfield']"
1259,"['1366.txt', 'Cranfield']"
1260,"['1291.txt', 'Cranfield']"
1261,"['822.txt', 'Cranfield']"
1262,"['464.txt', 'Cranfield']"
1263,"['432.txt', 'Cranfield']"
1264,"['842.txt', 'Cranfield']"
1265,"['473.txt', 'Cranfield']"
1266,"['179.txt', 'Cranfield']"
1267,"['1217.txt', 'Cranfield']"
1268,"['1044.txt', 'Cranfield']"
1269,"['433.txt', 'Cranfield']"
1270,"['86.txt', 'Cranfield']"
1271,"['715.txt', 'Cranfield']"
1272,"['861.txt', 'Cranfield']"
1273,"['409.txt', 'Cranfield']"
1274,"['129.txt', 'Cranfield']"
1275,"['1290.txt', 'Cranfield']"
1276,"['1319.txt', 'Cranfield']"
1277,"['1069.txt', 'Cranfield']"
1278,"['9.txt', 'Cranfield']"
1279,"['131.txt', 'Cranfield']"
1280,"['841.txt', 'Cranfield']"
1281,"['888.txt', 'Cranfield']"
1282,"['1047.txt', 'Cranfield']"
1283,"['133.txt', 'Cranfield']"
1284,"['436.txt', 'Cranfield']"
1285,"['51.txt', 'Cranfield']"
1286,"['439.txt', 'Cranfield']"
1287,"['405.txt', 'Cranfield']"
1288,"['1154.txt', 'Cranfield']"
1289,"['52.txt', 'Cranfield']"
1290,"['925.txt', 'Cranfield']"
1291,"['267.txt', 'Cranfield']"
1292,"['580.txt', 'Cranfield']"
1293,"['654.txt', 'Cranfield']"
1294,"['679.txt', 'Cranfield']"
1295,"['811.txt', 'Cranfield']"
1296,"['167.txt', 'Cranfield']"
1297,"['1390.txt', 'Cranfield']"
1298,"['528.txt', 'Cranfield']"
1299,"['435.txt', 'Cranfield']"
1300,"['1257.txt', 'Cranfield']"
1301,"['11.txt', 'Cranfield']"
1302,"['206.txt', 'Cranfield']"
1303,"['1029.txt', 'Cranfield']"
1304,"['803.txt', 'Cranfield']"
1305,"['374.txt', 'Cranfield']"
1306,"['418.txt', 'Cranfield']"
1307,"['288.txt', 'Cranfield']"
1308,"['1152.txt', 'Cranfield']"
1309,"['1192.txt', 'Cranfield']"
1310,"['480.txt', 'Cranfield']"
1311,"['707.txt', 'Cranfield']"
1312,"['231.txt', 'Cranfield']"
1313,"['1012.txt', 'Cranfield']"
1314,"['1023.txt', 'Cranfield']"
1315,"['1267.txt', 'Cranfield']"
1316,"['551.txt', 'Cranfield']"
1317,"['1240.txt', 'Cranfield']"
1318,"['1213.txt', 'Cranfield']"
1319,"['1070.txt', 'Cranfield']"
1320,"['315.txt', 'Cranfield']"
1321,"['574.txt', 'Cranfield']"
1322,"['1286.txt', 'Cranfield']"
1323,"['329.txt', 'Cranfield']"
1324,"['39.txt', 'Cranfield']"
1325,"['484.txt', 'Cranfield']"
1326,"['757.txt', 'Cranfield']"
1327,"['936.txt', 'Cranfield']"
1328,"['150.txt', 'Cranfield']"
1329,"['968.txt', 'Cranfield']"
1330,"['649.txt', 'Cranfield']"
1331,"['977.txt', 'Cranfield']"
1332,"['412.txt', 'Cranfield']"
1333,"['1398.txt', 'Cranfield']"
1334,"['750.txt', 'Cranfield']"
1335,"['688.txt', 'Cranfield']"
1336,"['745.txt', 'Cranfield']"
1337,"['425.txt', 'Cranfield']"
1338,"['972.txt', 'Cranfield']"
1339,"['312.txt', 'Cranfield']"
1340,"['489.txt', 'Cranfield']"
1341,"['67.txt', 'Cranfield']"
1342,"['1284.txt', 'Cranfield']"
1343,"['603.txt', 'Cranfield']"
1344,"['63.txt', 'Cranfield']"
1345,"['1214.txt', 'Cranfield']"
1346,"['500.txt', 'Cranfield']"
1347,"['130.txt', 'Cranfield']"
1348,"['836.txt', 'Cranfield']"
1349,"['372.txt', 'Cranfield']"
1350,"['142.txt', 'Cranfield']"
1351,"['1024.txt', 'Cranfield']"
1352,"['1054.txt', 'Cranfield']"
1353,"['1173.txt', 'Cranfield']"
1354,"['1198.txt', 'Cranfield']"
1355,"['153.txt', 'Cranfield']"
1356,"['1190.txt', 'Cranfield']"
1357,"['1093.txt', 'Cranfield']"
1358,"['670.txt', 'Cranfield']"
1359,"['691.txt', 'Cranfield']"
1360,"['1249.txt', 'Cranfield']"
1361,"['1149.txt', 'Cranfield']"
1362,"['1058.txt', 'Cranfield']"
1363,"['1017.txt', 'Cranfield']"
1364,"['893.txt', 'Cranfield']"
1365,"['1077.txt', 'Cranfield']"
1366,"['1309.txt', 'Cranfield']"
1367,"['1161.txt', 'Cranfield']"
1368,"['630.txt', 'Cranfield']"
1369,"['540.txt', 'Cranfield']"
1370,"['1107.txt', 'Cranfield']"
1371,"['553.txt', 'Cranfield']"
1372,"['1120.txt', 'Cranfield']"
1373,"['255.txt', 'Cranfield']"
1374,"['921.txt', 'Cranfield']"
1375,"['1075.txt', 'Cranfield']"
1376,"['1375.txt', 'Cranfield']"
1377,"['198.txt', 'Cranfield']"
1378,"['160.txt', 'Cranfield']"
1379,"['361.txt', 'Cranfield']"
1380,"['341.txt', 'Cranfield']"
1381,"['1014.txt', 'Cranfield']"
1382,"['896.txt', 'Cranfield']"
1383,"['289.txt', 'Cranfield']"
1384,"['918.txt', 'Cranfield']"
1385,"['21.txt', 'Cranfield']"
1386,"['502.txt', 'Cranfield']"
1387,"['700.txt', 'Cranfield']"
1388,"['1353.txt', 'Cranfield']"
1389,"['105.txt', 'Cranfield']"
1390,"['1306.txt', 'Cranfield']"
1391,"['1059.txt', 'Cranfield']"
1392,"['69.txt', 'Cranfield']"
1393,"['1336.txt', 'Cranfield']"
1394,"['940.txt', 'Cranfield']"
1395,"['989.txt', 'Cranfield']"
1396,"['926.txt', 'Cranfield']"
1397,"['758.txt', 'Cranfield']"
1398,"['1226.txt', 'Cranfield']"
1399,"['238.txt', 'Cranfield']"
1400,"['1116.txt', 'Cranfield']"
